student_id,guardian_id,relationship,is_primary_contact,is_emergency_contact
3475,3388,MOTHER,false,false
3475,3545,FATHER,true,false
3486,3543,FATHER,true,false
3486,3544,MOTHER,false,false
3518,3541,FATHER,true,false
3518,3542,MOTHER,false,false
3644,3508,FATHER,true,false
3669,3279,FATHER,true,false
3669,3280,MOTHER,false,false
3707,3546,MOTHER,false,false
3707,3851,FATHER,true,false
3717,3412,FATHER,true,false
3717,3413,MOTHER,false,false
3758,3065,FATHER,true,false
3758,3066,MOTHER,false,false
3772,3850,FATHER,true,false
3807,3549,FATHER,true,false
3807,3550,MOTHER,false,false
3819,3547,FATHER,true,false
3819,3548,MOTHER,false,false
3851,3446,FATHER,true,false
3851,3502,MOTHER,false,false
3868,3166,MOTHER,false,false
3868,3849,FATHER,true,false
3896,3659,FATHER,true,false
3896,3660,MOTHER,false,false
3913,3381,FATHER,true,false
3913,3382,MOTHER,false,false
3915,2828,FATHER,true,false
3915,2829,MOTHER,false,false
3923,3661,FATHER,true,false
3923,3662,MOTHER,false,false
3927,3683,FATHER,true,false
3927,3684,MOTHER,false,false
3928,3551,FATHER,true,false
3974,3503,FATHER,true,false
3992,3504,FATHER,true,false
3992,3505,MOTHER,false,false
4003,3663,FATHER,true,false
4003,3664,MOTHER,false,false
4012,3506,FATHER,true,false
4012,3507,MOTHER,false,false
4031,3685,FATHER,true,false
4031,3686,MOTHER,false,false
4036,3508,FATHER,true,false
4048,3132,FATHER,true,false
4048,3133,MOTHER,false,false
4053,3509,FATHER,true,false
4053,3510,MOTHER,false,false
4074,3511,FATHER,true,false
4074,3512,MOTHER,false,false
4080,3513,FATHER,true,false
4080,3514,MOTHER,false,false
4148,3687,FATHER,true,false
4148,3688,MOTHER,false,false
4150,2955,FATHER,true,false
4150,2956,MOTHER,false,false
4178,3040,FATHER,true,false
4181,2741,FATHER,true,false
4181,2742,MOTHER,false,false
4188,3598,FATHER,true,false
4188,3599,MOTHER,false,false
4196,3444,FATHER,true,false
4196,3445,MOTHER,false,false
4223,3446,FATHER,true,false
4224,3447,FATHER,true,false
4224,3448,MOTHER,false,false
4228,2909,FATHER,true,false
4240,3449,FATHER,true,false
4240,3450,MOTHER,false,false
4258,3451,FATHER,true,false
4258,3452,MOTHER,false,false
4267,3453,FATHER,true,false
4267,3454,MOTHER,false,false
4276,3381,FATHER,true,false
4276,3382,MOTHER,false,false
4279,2981,FATHER,true,false
4279,2982,MOTHER,false,false
4284,3318,FATHER,true,false
4284,3319,MOTHER,false,false
4289,3408,FATHER,true,false
4289,3409,MOTHER,false,false
4290,3689,FATHER,true,false
4296,3235,FATHER,true,false
4296,3236,MOTHER,false,false
4300,3412,FATHER,true,false
4300,3413,MOTHER,false,false
4307,3634,FATHER,true,false
4307,3635,MOTHER,false,false
4309,3210,FATHER,true,false
4309,3211,MOTHER,false,false
4316,3665,FATHER,true,false
4316,3666,MOTHER,false,false
4330,3600,FATHER,true,false
4330,3601,MOTHER,false,false
4334,3515,FATHER,true,false
4334,3516,MOTHER,false,false
4338,2889,FATHER,true,false
4338,2890,MOTHER,false,false
4340,2828,FATHER,true,false
4340,2829,MOTHER,false,false
4348,3426,FATHER,true,false
4348,3427,MOTHER,false,false
4350,3455,FATHER,true,false
4353,3065,FATHER,true,false
4353,3066,MOTHER,false,false
4359,3379,FATHER,true,false
4359,3380,MOTHER,false,false
4388,3327,FATHER,true,false
4398,3389,FATHER,true,false
4398,3390,MOTHER,false,false
4401,3033,FATHER,true,false
4411,3552,FATHER,true,false
4411,3553,MOTHER,false,false
4424,3381,FATHER,true,false
4424,3382,MOTHER,false,false
4431,2970,FATHER,true,false
4432,3667,FATHER,true,false
4432,3668,MOTHER,false,false
4437,3269,FATHER,true,false
4437,3270,MOTHER,false,false
4444,3383,FATHER,true,false
4444,3384,MOTHER,false,false
4445,3389,FATHER,true,false
4445,3390,MOTHER,false,false
4449,2759,FATHER,true,false
4449,2760,MOTHER,false,false
4451,3620,FATHER,true,false
4451,3621,MOTHER,false,false
4456,3114,FATHER,true,false
4456,3115,MOTHER,false,false
4467,3245,FATHER,true,false
4467,3246,MOTHER,false,false
4468,3030,FATHER,true,false
4468,3031,MOTHER,false,false
4469,3385,FATHER,true,false
4469,3386,MOTHER,false,false
4515,3669,FATHER,true,false
4515,3670,MOTHER,false,false
4523,3232,FATHER,true,false
4523,3233,MOTHER,false,false
4524,3232,FATHER,true,false
4524,3233,MOTHER,false,false
4533,3340,FATHER,true,false
4533,3341,MOTHER,false,false
4534,2809,FATHER,true,false
4534,2810,MOTHER,false,false
4535,2809,FATHER,true,false
4535,2810,MOTHER,false,false
4554,3316,FATHER,true,false
4554,3317,MOTHER,false,false
4561,3369,FATHER,true,false
4561,3370,MOTHER,false,false
4574,3342,FATHER,true,false
4574,3343,MOTHER,false,false
4577,3271,FATHER,true,false
4577,3272,MOTHER,false,false
4578,3387,FATHER,true,false
4578,3388,MOTHER,false,false
4583,3584,FATHER,true,false
4583,3671,MOTHER,false,false
4585,2903,FATHER,true,false
4585,2904,MOTHER,false,false
4587,3318,FATHER,true,false
4587,3319,MOTHER,false,false
4588,3318,FATHER,true,false
4588,3319,MOTHER,false,false
4594,2741,FATHER,true,false
4594,2742,MOTHER,false,false
4607,3019,FATHER,true,false
4608,3344,FATHER,true,false
4608,3345,MOTHER,false,false
4612,3237,FATHER,true,false
4612,3238,MOTHER,false,false
4613,3346,FATHER,true,false
4613,3347,MOTHER,false,false
4655,3690,FATHER,true,false
4655,3691,MOTHER,false,false
4660,3554,FATHER,true,false
4708,3239,FATHER,true,false
4708,3240,MOTHER,false,false
4710,3320,FATHER,true,false
4710,3321,MOTHER,false,false
4711,3410,FATHER,true,false
4711,3411,MOTHER,false,false
4728,2981,FATHER,true,false
4728,2982,MOTHER,false,false
4731,3555,FATHER,true,false
4731,3556,MOTHER,false,false
4732,3555,FATHER,true,false
4732,3556,MOTHER,false,false
4735,3389,FATHER,true,false
4735,3390,MOTHER,false,false
4744,3602,FATHER,true,false
4768,3412,FATHER,true,false
4768,3413,MOTHER,false,false
4770,3391,FATHER,true,false
4782,3296,FATHER,true,false
4782,3297,MOTHER,false,false
4784,3636,FATHER,true,false
4784,3637,MOTHER,false,false
4785,3251,FATHER,true,false
4785,3252,MOTHER,false,false
4797,3638,MOTHER,false,false
4800,3232,FATHER,true,false
4800,3233,MOTHER,false,false
4806,3050,FATHER,true,false
4806,3348,MOTHER,false,false
4837,2987,FATHER,true,false
4837,2988,MOTHER,false,false
4846,3027,FATHER,true,false
4846,3234,MOTHER,false,false
4847,3325,FATHER,true,false
4847,3326,MOTHER,false,false
4848,3325,FATHER,true,false
4848,3326,MOTHER,false,false
4855,3298,FATHER,true,false
4855,3299,MOTHER,false,false
4859,2759,FATHER,true,false
4859,3322,MOTHER,false,false
4867,3517,FATHER,true,false
4867,3518,MOTHER,false,false
4870,3414,MOTHER,false,false
4899,3116,FATHER,true,false
4899,3117,MOTHER,false,false
4901,3323,FATHER,true,false
4901,3324,MOTHER,false,false
4902,3323,FATHER,true,false
4902,3672,MOTHER,false,false
4914,3327,FATHER,true,false
4915,3235,FATHER,true,false
4915,3236,MOTHER,false,false
4917,3519,FATHER,true,false
4917,3520,MOTHER,false,false
4929,3673,FATHER,true,false
4934,3142,FATHER,true,false
4934,3143,MOTHER,false,false
4938,3392,FATHER,true,false
4938,3393,MOTHER,false,false
4939,3392,FATHER,true,false
4939,3393,MOTHER,false,false
4961,3349,FATHER,true,false
4961,3350,MOTHER,false,false
4962,3350,MOTHER,false,false
4962,3394,FATHER,true,false
4971,3371,FATHER,true,false
4971,3372,MOTHER,false,false
4994,3692,MOTHER,false,false
4996,3351,FATHER,true,false
4996,3352,MOTHER,false,false
4997,3351,FATHER,true,false
4997,3352,MOTHER,false,false
5006,2763,FATHER,true,false
5006,3374,MOTHER,false,false
5010,2862,FATHER,true,false
5010,3373,MOTHER,false,false
5012,2862,FATHER,true,false
5012,3373,MOTHER,false,false
5016,3144,FATHER,true,false
5016,3145,MOTHER,false,false
5021,3693,FATHER,true,false
5021,3694,MOTHER,false,false
5024,2763,FATHER,true,false
5024,3374,MOTHER,false,false
5025,2934,FATHER,true,false
5051,3353,FATHER,true,false
5051,3354,MOTHER,false,false
5059,2870,FATHER,true,false
5059,2871,MOTHER,false,false
5063,3603,FATHER,true,false
5063,3604,MOTHER,false,false
5076,3355,FATHER,true,false
5076,3356,MOTHER,false,false
5078,3237,FATHER,true,false
5078,3238,MOTHER,false,false
5079,3273,FATHER,true,false
5079,3274,MOTHER,false,false
5092,2983,FATHER,true,false
5092,2984,MOTHER,false,false
5105,3557,FATHER,true,false
5105,3558,MOTHER,false,false
5108,3239,FATHER,true,false
5108,3240,MOTHER,false,false
5109,3830,FATHER,true,false
5113,3848,FATHER,true,false
5116,3328,FATHER,true,false
5116,3329,MOTHER,false,false
5117,3187,FATHER,true,false
5117,3188,MOTHER,false,false
5130,3456,FATHER,true,false
5130,3457,MOTHER,false,false
5133,3428,MOTHER,false,false
5134,2701,FATHER,true,false
5134,3428,MOTHER,false,false
5149,2957,FATHER,true,false
5149,2958,MOTHER,false,false
5172,3330,FATHER,true,false
5172,3331,MOTHER,false,false
5178,3584,FATHER,true,false
5178,3585,MOTHER,false,false
5189,2701,FATHER,true,false
5189,2702,MOTHER,false,false
5195,3241,FATHER,true,false
5195,3242,MOTHER,false,false
5205,3275,FATHER,true,false
5205,3276,MOTHER,false,false
5208,3429,FATHER,true,false
5208,3430,MOTHER,false,false
5213,2853,FATHER,true,false
5213,2854,MOTHER,false,false
5227,3521,FATHER,true,false
5227,3522,MOTHER,false,false
5253,3257,FATHER,true,false
5253,3258,MOTHER,false,false
5275,2697,FATHER,true,false
5275,2698,MOTHER,false,false
5286,3212,FATHER,true,false
5286,3213,MOTHER,false,false
5304,3183,FATHER,true,false
5304,3184,MOTHER,false,false
5305,3183,FATHER,true,false
5305,3184,MOTHER,false,false
5309,3277,FATHER,true,false
5309,3278,MOTHER,false,false
5313,3586,FATHER,true,false
5313,3587,MOTHER,false,false
5327,3559,FATHER,true,false
5327,3560,MOTHER,false,false
5328,3431,FATHER,true,false
5328,3432,MOTHER,false,false
5333,2776,FATHER,true,false
5333,2777,MOTHER,false,false
5339,2661,FATHER,true,false
5339,2662,MOTHER,false,false
5343,2893,FATHER,true,false
5343,3577,MOTHER,false,false
5344,2893,FATHER,true,false
5344,3576,MOTHER,false,false
5345,2893,FATHER,true,false
5345,3576,MOTHER,false,false
5346,3828,FATHER,true,false
5347,2893,FATHER,true,false
5347,3576,MOTHER,false,false
5359,3243,FATHER,true,false
5359,3244,MOTHER,false,false
5363,3357,FATHER,true,false
5363,3358,MOTHER,false,false
5365,3358,MOTHER,false,false
5365,3561,FATHER,true,false
5369,3174,FATHER,true,false
5371,2840,FATHER,true,false
5371,2841,MOTHER,false,false
5372,3245,FATHER,true,false
5372,3246,MOTHER,false,false
5375,3048,FATHER,true,false
5382,3247,FATHER,true,false
5382,3248,MOTHER,false,false
5385,2670,FATHER,true,false
5385,2927,MOTHER,false,false
5400,3458,FATHER,true,false
5400,3459,MOTHER,false,false
5402,3460,FATHER,true,false
5406,3039,FATHER,true,false
5407,3039,FATHER,true,false
5416,3395,FATHER,true,false
5416,3396,MOTHER,false,false
5423,3831,FATHER,true,false
5426,3156,FATHER,true,false
5426,3157,MOTHER,false,false
5428,3206,FATHER,true,false
5428,3207,MOTHER,false,false
5436,3695,FATHER,true,false
5436,3696,MOTHER,false,false
5447,3208,FATHER,true,false
5447,3209,MOTHER,false,false
5450,3067,FATHER,true,false
5450,3068,MOTHER,false,false
5463,3523,FATHER,true,false
5504,2989,FATHER,true,false
5504,2990,MOTHER,false,false
5514,3183,FATHER,true,false
5514,3184,MOTHER,false,false
5520,3279,FATHER,true,false
5520,3280,MOTHER,false,false
5530,3210,FATHER,true,false
5530,3211,MOTHER,false,false
5531,2741,FATHER,true,false
5531,2742,MOTHER,false,false
5536,3433,FATHER,true,false
5536,3434,MOTHER,false,false
5542,3086,FATHER,true,false
5542,3087,MOTHER,false,false
5543,3086,FATHER,true,false
5543,3087,MOTHER,false,false
5553,2901,FATHER,true,false
5553,2902,MOTHER,false,false
5555,2940,FATHER,true,false
5555,2941,MOTHER,false,false
5560,3249,FATHER,true,false
5560,3250,MOTHER,false,false
5571,3773,FATHER,true,false
5572,3762,FATHER,true,false
5572,3763,MOTHER,false,false
5577,2759,FATHER,true,false
5577,2760,MOTHER,false,false
5589,3605,FATHER,true,false
5591,2793,FATHER,true,false
5591,2794,MOTHER,false,false
5621,3269,FATHER,true,false
5621,3270,MOTHER,false,false
5626,3132,FATHER,true,false
5626,3133,MOTHER,false,false
5628,3063,FATHER,true,false
5643,3461,MOTHER,false,false
5644,3461,MOTHER,false,false
5657,2759,FATHER,true,false
5657,2760,MOTHER,false,false
5665,2771,FATHER,true,false
5665,2772,MOTHER,false,false
5671,3134,MOTHER,false,false
5672,3134,MOTHER,false,false
5673,3134,MOTHER,false,false
5675,3212,FATHER,true,false
5675,3213,MOTHER,false,false
5690,3777,FATHER,true,false
5690,3778,MOTHER,false,false
5697,3251,FATHER,true,false
5697,3252,MOTHER,false,false
5710,2985,FATHER,true,false
5710,2986,MOTHER,false,false
5723,2977,MOTHER,false,false
5724,2977,MOTHER,false,false
5741,3185,FATHER,true,false
5741,3186,MOTHER,false,false
5747,3253,FATHER,true,false
5747,3254,MOTHER,false,false
5750,3187,FATHER,true,false
5750,3188,MOTHER,false,false
5756,2882,MOTHER,false,false
5761,3435,FATHER,true,false
5761,3436,MOTHER,false,false
5762,3462,FATHER,true,false
5762,3463,MOTHER,false,false
5776,2848,FATHER,true,false
5776,2849,MOTHER,false,false
5780,2983,FATHER,true,false
5780,2984,MOTHER,false,false
5781,3101,FATHER,true,false
5781,3102,MOTHER,false,false
5782,3101,FATHER,true,false
5782,3102,MOTHER,false,false
5783,3101,FATHER,true,false
5783,3102,MOTHER,false,false
5801,3359,FATHER,true,false
5801,3360,MOTHER,false,false
5802,3214,FATHER,true,false
5802,3215,MOTHER,false,false
5813,2799,FATHER,true,false
5816,3082,FATHER,true,false
5816,3083,MOTHER,false,false
5820,3562,FATHER,true,false
5822,3464,FATHER,true,false
5822,3465,MOTHER,false,false
5827,3437,FATHER,true,false
5827,3438,MOTHER,false,false
5828,3437,FATHER,true,false
5828,3438,MOTHER,false,false
5833,3158,FATHER,true,false
5833,3159,MOTHER,false,false
5862,3332,FATHER,true,false
5862,3333,MOTHER,false,false
5863,2761,FATHER,true,false
5863,2762,MOTHER,false,false
5864,2971,FATHER,true,false
5864,2972,MOTHER,false,false
5866,2674,FATHER,true,false
5866,2675,MOTHER,false,false
5873,2801,FATHER,true,false
5873,2802,MOTHER,false,false
5874,2868,FATHER,true,false
5874,2869,MOTHER,false,false
5877,3084,FATHER,true,false
5877,3085,MOTHER,false,false
5879,3697,MOTHER,false,false
5882,3674,FATHER,true,false
5882,3675,MOTHER,false,false
5890,2853,FATHER,true,false
5890,2854,MOTHER,false,false
5895,3838,FATHER,true,false
5921,3135,FATHER,true,false
5921,3136,MOTHER,false,false
5924,3524,FATHER,true,false
5924,3525,MOTHER,false,false
5925,2707,FATHER,true,false
5925,2784,MOTHER,false,false
5927,3137,FATHER,true,false
5927,3138,MOTHER,false,false
5928,2686,MOTHER,false,false
5928,3139,FATHER,true,false
5936,3397,FATHER,true,false
5936,3398,MOTHER,false,false
5937,3397,FATHER,true,false
5937,3398,MOTHER,false,false
5948,3103,MOTHER,false,false
5952,3171,FATHER,true,false
5955,3361,FATHER,true,false
5955,3362,MOTHER,false,false
5956,2930,FATHER,true,false
5956,2931,MOTHER,false,false
5958,3160,FATHER,true,false
5959,3161,FATHER,true,false
5959,3162,MOTHER,false,false
5960,2853,FATHER,true,false
5960,2854,MOTHER,false,false
5962,3104,FATHER,true,false
5962,3105,MOTHER,false,false
5963,2970,FATHER,true,false
5981,3086,FATHER,true,false
5981,3087,MOTHER,false,false
5982,2865,MOTHER,false,false
5982,3163,FATHER,true,false
5983,2864,FATHER,true,false
5983,2865,MOTHER,false,false
6046,3676,FATHER,true,false
6046,3677,MOTHER,false,false
6087,3140,FATHER,true,false
6087,3141,MOTHER,false,false
6089,2903,FATHER,true,false
6089,2904,MOTHER,false,false
6102,2763,FATHER,true,false
6106,3142,FATHER,true,false
6106,3143,MOTHER,false,false
6113,3300,FATHER,true,false
6113,3301,MOTHER,false,false
6121,3639,FATHER,true,false
6126,3344,FATHER,true,false
6126,3345,MOTHER,false,false
6128,3106,FATHER,true,false
6128,3107,MOTHER,false,false
6130,3088,FATHER,true,false
6130,3089,MOTHER,false,false
6131,2836,FATHER,true,false
6131,2837,MOTHER,false,false
6136,2657,FATHER,true,false
6136,2658,MOTHER,false,false
6139,3281,FATHER,true,false
6139,3282,MOTHER,false,false
6141,2830,FATHER,true,false
6141,2831,MOTHER,false,false
6143,3255,FATHER,true,false
6143,3256,MOTHER,false,false
6144,3255,FATHER,true,false
6144,3256,MOTHER,false,false
6145,3766,FATHER,true,false
6145,3767,MOTHER,false,false
6146,3766,FATHER,true,false
6146,3767,MOTHER,false,false
6151,2661,FATHER,true,false
6151,2662,MOTHER,false,false
6170,3847,FATHER,true,false
6199,3003,FATHER,true,false
6200,3257,FATHER,true,false
6200,3258,MOTHER,false,false
6201,2763,FATHER,true,false
6201,2764,MOTHER,false,false
6220,2759,FATHER,true,false
6220,2760,MOTHER,false,false
6222,3090,FATHER,true,false
6222,3091,MOTHER,false,false
6223,3144,FATHER,true,false
6223,3145,MOTHER,false,false
6231,3764,FATHER,true,false
6231,3765,MOTHER,false,false
6234,3334,FATHER,true,false
6234,3335,MOTHER,false,false
6258,3363,FATHER,true,false
6258,3364,MOTHER,false,false
6278,3399,FATHER,true,false
6278,3400,MOTHER,false,false
6287,3833,FATHER,true,false
6295,3846,FATHER,true,false
6306,3845,FATHER,true,false
6318,3606,FATHER,true,false
6319,3606,FATHER,true,false
6323,2853,FATHER,true,false
6323,2854,MOTHER,false,false
6326,3563,FATHER,true,false
6326,3564,MOTHER,false,false
6343,3063,FATHER,true,false
6343,3064,MOTHER,false,false
6344,3063,FATHER,true,false
6344,3064,MOTHER,false,false
6350,2891,FATHER,true,false
6350,2892,MOTHER,false,false
6351,3108,FATHER,true,false
6351,3109,MOTHER,false,false
6353,3302,FATHER,true,false
6353,3303,MOTHER,false,false
6354,3025,FATHER,true,false
6354,3026,MOTHER,false,false
6355,3216,FATHER,true,false
6355,3217,MOTHER,false,false
6356,3216,FATHER,true,false
6356,3217,MOTHER,false,false
6357,3302,FATHER,true,false
6357,3303,MOTHER,false,false
6365,3065,FATHER,true,false
6365,3066,MOTHER,false,false
6366,3013,FATHER,true,false
6367,2909,FATHER,true,false
6367,2910,MOTHER,false,false
6377,3000,FATHER,true,false
6378,3000,FATHER,true,false
6379,3000,FATHER,true,false
6379,3466,MOTHER,false,false
6381,2749,FATHER,true,false
6381,2750,MOTHER,false,false
6391,3218,FATHER,true,false
6391,3219,MOTHER,false,false
6393,2952,FATHER,true,false
6393,2953,MOTHER,false,false
6394,3259,FATHER,true,false
6394,3260,MOTHER,false,false
6395,3588,FATHER,true,false
6395,3589,MOTHER,false,false
6397,3001,FATHER,true,false
6398,2832,FATHER,true,false
6398,2833,MOTHER,false,false
6399,2707,FATHER,true,false
6400,3467,FATHER,true,false
6409,3844,FATHER,true,false
6410,3189,MOTHER,false,false
6421,2925,FATHER,true,false
6421,2926,MOTHER,false,false
6422,3304,MOTHER,false,false
6422,3468,FATHER,true,false
6423,3304,MOTHER,false,false
6425,3261,FATHER,true,false
6425,3262,MOTHER,false,false
6427,2874,MOTHER,false,false
6427,3220,FATHER,true,false
6432,3027,FATHER,true,false
6437,3843,FATHER,true,false
6448,3014,FATHER,true,false
6449,3014,FATHER,true,false
6450,3014,FATHER,true,false
6451,3164,FATHER,true,false
6451,3165,MOTHER,false,false
6452,3164,FATHER,true,false
6452,3165,MOTHER,false,false
6460,3110,FATHER,true,false
6460,3111,MOTHER,false,false
6461,2966,FATHER,true,false
6461,2967,MOTHER,false,false
6462,2954,FATHER,true,false
6463,2954,FATHER,true,false
6464,3365,MOTHER,false,false
6495,3768,FATHER,true,false
6495,3769,MOTHER,false,false
6499,3112,FATHER,true,false
6499,3113,MOTHER,false,false
6500,3112,FATHER,true,false
6500,3113,MOTHER,false,false
6503,2917,FATHER,true,false
6503,2918,MOTHER,false,false
6504,2918,MOTHER,false,false
6504,3190,FATHER,true,false
6507,3469,FATHER,true,false
6507,3470,MOTHER,false,false
6510,3837,FATHER,true,false
6512,3067,FATHER,true,false
6512,3068,MOTHER,false,false
6513,3015,FATHER,true,false
6513,3016,MOTHER,false,false
6514,2981,FATHER,true,false
6514,2982,MOTHER,false,false
6518,3760,FATHER,true,false
6518,3761,MOTHER,false,false
6519,3760,FATHER,true,false
6519,3761,MOTHER,false,false
6528,2983,FATHER,true,false
6528,2984,MOTHER,false,false
6529,3114,FATHER,true,false
6529,3115,MOTHER,false,false
6532,3191,FATHER,true,false
6532,3192,MOTHER,false,false
6536,2955,FATHER,true,false
6536,2956,MOTHER,false,false
6539,3774,FATHER,true,false
6539,3775,MOTHER,false,false
6540,2755,FATHER,true,false
6540,2756,MOTHER,false,false
6543,2968,FATHER,true,false
6543,2969,MOTHER,false,false
6548,3146,FATHER,true,false
6548,3147,MOTHER,false,false
6551,3002,FATHER,true,false
6552,3002,FATHER,true,false
6566,3028,FATHER,true,false
6566,3029,MOTHER,false,false
6580,3640,MOTHER,false,false
6587,3401,FATHER,true,false
6587,3402,MOTHER,false,false
6588,3401,FATHER,true,false
6588,3402,MOTHER,false,false
6589,3770,MOTHER,false,false
6593,3040,FATHER,true,false
6596,3762,FATHER,true,false
6596,3763,MOTHER,false,false
6601,2977,MOTHER,false,false
6602,3746,FATHER,true,false
6602,3747,MOTHER,false,false
6606,2850,MOTHER,false,false
6607,3041,FATHER,true,false
6607,3042,MOTHER,false,false
6611,2733,MOTHER,false,false
6611,3043,FATHER,true,false
6612,3011,FATHER,true,false
6612,3012,MOTHER,false,false
6613,3011,FATHER,true,false
6613,3012,MOTHER,false,false
6615,2957,FATHER,true,false
6615,2958,MOTHER,false,false
6616,3607,FATHER,true,false
6616,3608,MOTHER,false,false
6617,3327,FATHER,true,false
6621,2985,FATHER,true,false
6621,2986,MOTHER,false,false
6622,2903,FATHER,true,false
6622,2904,MOTHER,false,false
6626,2765,FATHER,true,false
6626,2766,MOTHER,false,false
6628,2759,FATHER,true,false
6628,2760,MOTHER,false,false
6635,3002,FATHER,true,false
6638,2942,FATHER,true,false
6641,3366,MOTHER,false,false
6647,3415,FATHER,true,false
6647,3416,MOTHER,false,false
6648,3565,FATHER,true,false
6648,3566,MOTHER,false,false
6649,2987,FATHER,true,false
6649,2988,MOTHER,false,false
6653,2834,FATHER,true,false
6653,2835,MOTHER,false,false
6662,3771,FATHER,true,false
6670,3044,FATHER,true,false
6670,3045,MOTHER,false,false
6671,2959,FATHER,true,false
6671,2960,MOTHER,false,false
6672,2959,FATHER,true,false
6672,2960,MOTHER,false,false
6673,3092,MOTHER,false,false
6678,2669,FATHER,true,false
6679,3030,FATHER,true,false
6679,3031,MOTHER,false,false
6680,3017,FATHER,true,false
6680,3018,MOTHER,false,false
6681,3017,FATHER,true,false
6681,3018,MOTHER,false,false
6682,3017,FATHER,true,false
6682,3018,MOTHER,false,false
6687,3116,FATHER,true,false
6687,3117,MOTHER,false,false
6688,2905,FATHER,true,false
6688,2906,MOTHER,false,false
6692,3740,FATHER,true,false
6692,3741,MOTHER,false,false
6693,3046,FATHER,true,false
6693,3047,MOTHER,false,false
6695,3003,FATHER,true,false
6696,3471,FATHER,true,false
6696,3472,MOTHER,false,false
6699,3093,FATHER,true,false
6699,3094,MOTHER,false,false
6700,3093,FATHER,true,false
6700,3094,MOTHER,false,false
6703,3305,FATHER,true,false
6704,2973,FATHER,true,false
6705,3118,FATHER,true,false
6705,3119,MOTHER,false,false
6706,3118,FATHER,true,false
6706,3119,MOTHER,false,false
6712,3842,FATHER,true,false
6713,3166,MOTHER,false,false
6717,3473,FATHER,true,false
6717,3474,MOTHER,false,false
6724,3698,FATHER,true,false
6730,2701,FATHER,true,false
6730,2702,MOTHER,false,false
6737,3678,FATHER,true,false
6737,3679,MOTHER,false,false
6738,2907,FATHER,true,false
6738,2908,MOTHER,false,false
6739,2889,FATHER,true,false
6739,2890,MOTHER,false,false
6741,2970,FATHER,true,false
6743,2909,FATHER,true,false
6743,2910,MOTHER,false,false
6747,3019,FATHER,true,false
6747,3020,MOTHER,false,false
6748,3019,FATHER,true,false
6748,3020,MOTHER,false,false
6749,2868,FATHER,true,false
6749,2869,MOTHER,false,false
6750,3567,FATHER,true,false
6756,2971,FATHER,true,false
6756,2972,MOTHER,false,false
6758,3336,FATHER,true,false
6761,2932,FATHER,true,false
6761,2933,MOTHER,false,false
6764,2934,FATHER,true,false
6766,2655,FATHER,true,false
6766,2656,MOTHER,false,false
6767,3048,FATHER,true,false
6770,3680,MOTHER,false,false
6774,3148,FATHER,true,false
6778,3069,FATHER,true,false
6778,3070,MOTHER,false,false
6779,2989,FATHER,true,false
6779,2990,MOTHER,false,false
6780,3193,FATHER,true,false
6780,3194,MOTHER,false,false
6781,3263,FATHER,true,false
6784,3263,FATHER,true,false
6784,3264,MOTHER,false,false
6785,2736,FATHER,true,false
6785,2737,MOTHER,false,false
6786,2737,MOTHER,false,false
6786,3049,FATHER,true,false
6787,3526,FATHER,true,false
6787,3527,MOTHER,false,false
6788,2820,FATHER,true,false
6788,2821,MOTHER,false,false
6792,2870,FATHER,true,false
6792,2871,MOTHER,false,false
6799,2991,MOTHER,false,false
6806,3439,FATHER,true,false
6809,3149,FATHER,true,false
6809,3150,MOTHER,false,false
6821,2755,FATHER,true,false
6821,2756,MOTHER,false,false
6825,2872,FATHER,true,false
6825,2873,MOTHER,false,false
6826,2872,FATHER,true,false
6826,2873,MOTHER,false,false
6835,3004,MOTHER,false,false
6841,2974,FATHER,true,false
6841,2975,MOTHER,false,false
6852,3050,FATHER,true,false
6855,2976,FATHER,true,false
6860,3622,FATHER,true,false
6869,3764,FATHER,true,false
6869,3765,MOTHER,false,false
6879,3375,FATHER,true,false
6879,3376,MOTHER,false,false
6888,2919,FATHER,true,false
6888,2920,MOTHER,false,false
6889,2919,FATHER,true,false
6889,2920,MOTHER,false,false
6902,2874,MOTHER,false,false
6908,2875,FATHER,true,false
6908,2876,MOTHER,false,false
6918,3772,FATHER,true,false
6928,3005,FATHER,true,false
6928,3006,MOTHER,false,false
6931,3120,FATHER,true,false
6931,3121,MOTHER,false,false
6932,2891,FATHER,true,false
6932,2892,MOTHER,false,false
6935,3151,FATHER,true,false
6935,3152,MOTHER,false,false
6942,2877,FATHER,true,false
6946,3754,FATHER,true,false
6946,3755,MOTHER,false,false
6947,3754,FATHER,true,false
6947,3755,MOTHER,false,false
6949,2893,FATHER,true,false
6960,2934,FATHER,true,false
6961,2828,FATHER,true,false
6961,2829,MOTHER,false,false
6962,3417,FATHER,true,false
6962,3418,MOTHER,false,false
6963,3417,FATHER,true,false
6963,3418,MOTHER,false,false
6966,3568,FATHER,true,false
6966,3569,MOTHER,false,false
6972,2878,MOTHER,false,false
6973,3051,MOTHER,false,false
6974,2911,FATHER,true,false
6974,2912,MOTHER,false,false
6977,3021,FATHER,true,false
6977,3022,MOTHER,false,false
6996,3623,FATHER,true,false
6996,3624,MOTHER,false,false
6997,2761,FATHER,true,false
6997,2762,MOTHER,false,false
7001,2701,FATHER,true,false
7001,2702,MOTHER,false,false
7006,2830,FATHER,true,false
7006,2831,MOTHER,false,false
7010,3071,FATHER,true,false
7010,3072,MOTHER,false,false
7014,3095,FATHER,true,false
7014,3096,MOTHER,false,false
7015,2763,FATHER,true,false
7015,2764,MOTHER,false,false
7016,2765,FATHER,true,false
7016,2766,MOTHER,false,false
7018,2767,FATHER,true,false
7018,2768,MOTHER,false,false
7019,3073,FATHER,true,false
7019,3074,MOTHER,false,false
7021,2769,FATHER,true,false
7021,2770,MOTHER,false,false
7022,2769,FATHER,true,false
7022,2770,MOTHER,false,false
7026,2894,FATHER,true,false
7027,2894,FATHER,true,false
7028,3032,FATHER,true,false
7029,3032,FATHER,true,false
7029,3419,MOTHER,false,false
7030,2935,FATHER,true,false
7030,2936,MOTHER,false,false
7033,3195,FATHER,true,false
7034,2901,FATHER,true,false
7034,2902,MOTHER,false,false
7035,2913,FATHER,true,false
7035,2914,MOTHER,false,false
7049,2771,FATHER,true,false
7049,2772,MOTHER,false,false
7054,3196,FATHER,true,false
7054,3197,MOTHER,false,false
7055,3570,FATHER,true,false
7055,3571,MOTHER,false,false
7057,3572,FATHER,true,false
7057,3573,MOTHER,false,false
7058,3174,FATHER,true,false
7058,3175,MOTHER,false,false
7059,2915,FATHER,true,false
7059,2916,MOTHER,false,false
7062,2917,FATHER,true,false
7062,2918,MOTHER,false,false
7064,2832,FATHER,true,false
7064,2833,MOTHER,false,false
7071,3218,FATHER,true,false
7071,3219,MOTHER,false,false
7077,3641,FATHER,true,false
7078,3075,FATHER,true,false
7081,3841,FATHER,true,false
7083,2797,FATHER,true,false
7083,2798,MOTHER,false,false
7084,2895,FATHER,true,false
7085,2834,FATHER,true,false
7085,2835,MOTHER,false,false
7088,3773,FATHER,true,false
7090,2799,MOTHER,false,false
7090,2800,FATHER,true,false
7094,2773,MOTHER,false,false
7099,3003,FATHER,true,false
7100,3003,FATHER,true,false
7103,3198,FATHER,true,false
7103,3199,MOTHER,false,false
7104,3198,FATHER,true,false
7104,3199,MOTHER,false,false
7105,3033,FATHER,true,false
7105,3034,MOTHER,false,false
7106,3033,FATHER,true,false
7106,3034,MOTHER,false,false
7109,3176,FATHER,true,false
7111,3176,FATHER,true,false
7112,2937,FATHER,true,false
7112,2938,MOTHER,false,false
7113,2919,FATHER,true,false
7113,2920,MOTHER,false,false
7114,2939,FATHER,true,false
7115,2921,FATHER,true,false
7115,2922,MOTHER,false,false
7120,2961,FATHER,true,false
7120,2962,MOTHER,false,false
7123,3154,FATHER,true,false
7123,3155,MOTHER,false,false
7124,2940,FATHER,true,false
7124,2941,MOTHER,false,false
7125,2879,FATHER,true,false
7126,2879,FATHER,true,false
7127,2879,FATHER,true,false
7128,2879,FATHER,true,false
7129,2992,FATHER,true,false
7129,2993,MOTHER,false,false
7130,2870,FATHER,true,false
7134,2774,FATHER,true,false
7134,2775,MOTHER,false,false
7135,2774,FATHER,true,false
7135,2775,MOTHER,false,false
7143,3756,FATHER,true,false
7143,3757,MOTHER,false,false
7149,2836,FATHER,true,false
7149,2837,MOTHER,false,false
7156,2776,FATHER,true,false
7156,2777,MOTHER,false,false
7165,2778,FATHER,true,false
7165,2779,MOTHER,false,false
7167,3840,FATHER,true,false
7171,2942,FATHER,true,false
7174,3177,FATHER,true,false
7174,3178,MOTHER,false,false
7175,2753,FATHER,true,false
7175,2754,MOTHER,false,false
7177,2838,FATHER,true,false
7177,2839,MOTHER,false,false
7178,2799,FATHER,true,false
7178,2800,MOTHER,false,false
7179,2896,FATHER,true,false
7179,2897,MOTHER,false,false
7180,3336,FATHER,true,false
7181,3097,MOTHER,false,false
7184,3748,FATHER,true,false
7185,2880,FATHER,true,false
7185,2881,MOTHER,false,false
7186,2880,FATHER,true,false
7186,2881,MOTHER,false,false
7187,2880,FATHER,true,false
7187,2881,MOTHER,false,false
7190,2898,FATHER,true,false
7190,2899,MOTHER,false,false
7203,2801,FATHER,true,false
7203,2802,MOTHER,false,false
7209,3265,FATHER,true,false
7209,3266,MOTHER,false,false
7210,3265,FATHER,true,false
7210,3266,MOTHER,false,false
7216,3007,FATHER,true,false
7216,3008,MOTHER,false,false
7217,2840,FATHER,true,false
7217,2841,MOTHER,false,false
7220,3528,FATHER,true,false
7220,3529,MOTHER,false,false
7223,2703,FATHER,true,false
7223,2704,MOTHER,false,false
7224,3167,FATHER,true,false
7224,3168,MOTHER,false,false
7227,3221,FATHER,true,false
7227,3222,MOTHER,false,false
7233,2803,FATHER,true,false
7233,2804,MOTHER,false,false
7234,2803,FATHER,true,false
7234,2804,MOTHER,false,false
7235,2842,FATHER,true,false
7235,2843,MOTHER,false,false
7236,3052,FATHER,true,false
7236,3053,MOTHER,false,false
7237,3052,FATHER,true,false
7237,3053,MOTHER,false,false
7238,2945,FATHER,true,false
7238,2946,MOTHER,false,false
7239,2945,FATHER,true,false
7241,2701,FATHER,true,false
7241,2702,MOTHER,false,false
7242,3403,FATHER,true,false
7242,3404,MOTHER,false,false
7243,2923,FATHER,true,false
7243,2924,MOTHER,false,false
7244,2923,FATHER,true,false
7244,2924,MOTHER,false,false
7245,2994,FATHER,true,false
7245,2995,MOTHER,false,false
7246,3475,FATHER,true,false
7246,3476,MOTHER,false,false
7247,2672,FATHER,true,false
7247,2673,MOTHER,false,false
7248,3530,FATHER,true,false
7248,3531,MOTHER,false,false
7251,2805,FATHER,true,false
7251,2806,MOTHER,false,false
7252,3477,FATHER,true,false
7252,3478,MOTHER,false,false
7253,3477,FATHER,true,false
7253,3478,MOTHER,false,false
7254,3532,FATHER,true,false
7254,3533,MOTHER,false,false
7255,3306,FATHER,true,false
7256,3306,FATHER,true,false
7259,3054,FATHER,true,false
7259,3055,MOTHER,false,false
7260,3054,FATHER,true,false
7260,3055,MOTHER,false,false
7263,2963,FATHER,true,false
7263,2964,MOTHER,false,false
7264,2963,FATHER,true,false
7264,2964,MOTHER,false,false
7265,3307,FATHER,true,false
7265,3308,MOTHER,false,false
7266,3308,MOTHER,false,false
7268,2807,FATHER,true,false
7268,2808,MOTHER,false,false
7269,2925,FATHER,true,false
7269,2926,MOTHER,false,false
7270,2925,FATHER,true,false
7270,2926,MOTHER,false,false
7273,3479,FATHER,true,false
7273,3480,MOTHER,false,false
7274,2674,FATHER,true,false
7274,2675,MOTHER,false,false
7275,3283,FATHER,true,false
7275,3284,MOTHER,false,false
7276,3283,FATHER,true,false
7276,3284,MOTHER,false,false
7277,3609,FATHER,true,false
7277,3610,MOTHER,false,false
7278,3609,FATHER,true,false
7278,3610,MOTHER,false,false
7279,3832,FATHER,true,false
7280,3534,FATHER,true,false
7280,3535,MOTHER,false,false
7281,3534,FATHER,true,false
7281,3535,MOTHER,false,false
7283,2650,FATHER,true,false
7283,2882,MOTHER,false,false
7284,3223,FATHER,true,false
7285,3223,FATHER,true,false
7286,3223,FATHER,true,false
7287,2676,FATHER,true,false
7287,2677,MOTHER,false,false
7288,2676,FATHER,true,false
7288,2677,MOTHER,false,false
7289,3699,FATHER,true,false
7289,3700,MOTHER,false,false
7290,3699,FATHER,true,false
7290,3700,MOTHER,false,false
7291,2734,FATHER,true,false
7291,2735,MOTHER,false,false
7292,2746,MOTHER,false,false
7292,2747,FATHER,true,false
7294,3337,FATHER,true,false
7294,3338,MOTHER,false,false
7296,3056,FATHER,true,false
7296,3057,MOTHER,false,false
7297,3056,FATHER,true,false
7297,3057,MOTHER,false,false
7298,3224,FATHER,true,false
7298,3225,MOTHER,false,false
7299,2809,FATHER,true,false
7299,2810,MOTHER,false,false
7300,2809,FATHER,true,false
7300,2810,MOTHER,false,false
7301,2844,FATHER,true,false
7301,2845,MOTHER,false,false
7304,2757,FATHER,true,false
7304,2758,MOTHER,false,false
7305,2811,FATHER,true,false
7305,2812,MOTHER,false,false
7306,2811,FATHER,true,false
7306,2812,MOTHER,false,false
7307,3642,FATHER,true,false
7308,3285,FATHER,true,false
7308,3286,MOTHER,false,false
7313,2780,FATHER,true,false
7313,2781,MOTHER,false,false
7314,2781,MOTHER,false,false
7314,3058,FATHER,true,false
7315,2781,MOTHER,false,false
7315,3058,FATHER,true,false
7316,2736,FATHER,true,false
7316,2737,MOTHER,false,false
7317,2738,FATHER,true,false
7317,2739,MOTHER,false,false
7318,2813,FATHER,true,false
7318,2814,MOTHER,false,false
7319,2813,FATHER,true,false
7319,2814,MOTHER,false,false
7320,3122,FATHER,true,false
7320,3123,MOTHER,false,false
7322,2653,FATHER,true,false
7322,2654,MOTHER,false,false
7323,2815,FATHER,true,false
7323,2816,MOTHER,false,false
7325,3073,FATHER,true,false
7325,3074,MOTHER,false,false
7326,2846,FATHER,true,false
7326,2847,MOTHER,false,false
7327,2846,FATHER,true,false
7327,2847,MOTHER,false,false
7328,2846,FATHER,true,false
7328,2847,MOTHER,false,false
7332,3171,FATHER,true,false
7337,3839,FATHER,true,false
7342,2782,FATHER,true,false
7342,2783,MOTHER,false,false
7345,2740,FATHER,true,false
7356,2853,FATHER,true,false
7356,2854,MOTHER,false,false
7358,2817,FATHER,true,false
7358,2818,MOTHER,false,false
7359,2817,FATHER,true,false
7359,2818,MOTHER,false,false
7360,3076,FATHER,true,false
7360,3077,MOTHER,false,false
7364,3169,FATHER,true,false
7364,3170,MOTHER,false,false
7365,3169,FATHER,true,false
7365,3170,MOTHER,false,false
7367,3420,FATHER,true,false
7367,3421,MOTHER,false,false
7368,2705,FATHER,true,false
7368,2706,MOTHER,false,false
7369,2705,FATHER,true,false
7369,2706,MOTHER,false,false
7370,2741,FATHER,true,false
7370,2742,MOTHER,false,false
7371,3309,FATHER,true,false
7371,3310,MOTHER,false,false
7372,3309,FATHER,true,false
7372,3310,MOTHER,false,false
7373,2848,FATHER,true,false
7373,2849,MOTHER,false,false
7374,2729,FATHER,true,false
7374,2819,MOTHER,false,false
7376,3481,FATHER,true,false
7378,3701,FATHER,true,false
7379,3153,FATHER,true,false
7382,2678,FATHER,true,false
7382,2679,MOTHER,false,false
7384,2885,FATHER,true,false
7384,2886,MOTHER,false,false
7385,2707,FATHER,true,false
7385,2784,MOTHER,false,false
7386,2707,FATHER,true,false
7387,2850,MOTHER,false,false
7389,2820,FATHER,true,false
7389,2821,MOTHER,false,false
7390,2822,MOTHER,false,false
7391,2883,FATHER,true,false
7391,2884,MOTHER,false,false
7392,3681,FATHER,true,false
7393,2907,FATHER,true,false
7393,2908,MOTHER,false,false
7395,2885,FATHER,true,false
7395,2886,MOTHER,false,false
7402,3098,MOTHER,false,false
7403,3098,MOTHER,false,false
7403,3287,FATHER,true,false
7405,3422,FATHER,true,false
7405,3423,MOTHER,false,false
7406,2851,FATHER,true,false
7406,2852,MOTHER,false,false
7412,3682,FATHER,true,false
7414,2743,FATHER,true,false
7415,3226,FATHER,true,false
7415,3227,MOTHER,false,false
7416,2708,FATHER,true,false
7416,2709,MOTHER,false,false
7419,3611,FATHER,true,false
7419,3612,MOTHER,false,false
7420,2978,FATHER,true,false
7420,2979,MOTHER,false,false
7421,2785,FATHER,true,false
7421,2786,MOTHER,false,false
7422,2853,FATHER,true,false
7422,2854,MOTHER,false,false
7427,2710,FATHER,true,false
7427,2711,MOTHER,false,false
7428,2823,FATHER,true,false
7428,2824,MOTHER,false,false
7430,2943,FATHER,true,false
7430,2944,MOTHER,false,false
7431,2943,FATHER,true,false
7431,2944,MOTHER,false,false
7432,2680,MOTHER,false,false
7436,2670,FATHER,true,false
7436,2927,MOTHER,false,false
7437,2928,FATHER,true,false
7437,2929,MOTHER,false,false
7441,3749,FATHER,true,false
7441,3750,MOTHER,false,false
7443,2855,FATHER,true,false
7444,2681,FATHER,true,false
7444,2682,MOTHER,false,false
7445,2681,FATHER,true,false
7445,2825,MOTHER,false,false
7446,2712,FATHER,true,false
7446,2713,MOTHER,false,false
7447,2712,FATHER,true,false
7447,2713,MOTHER,false,false
7448,2712,FATHER,true,false
7448,2713,MOTHER,false,false
7449,3536,FATHER,true,false
7449,3537,MOTHER,false,false
7450,2683,FATHER,true,false
7450,2684,MOTHER,false,false
7454,3440,FATHER,true,false
7454,3441,MOTHER,false,false
7457,2685,FATHER,true,false
7457,2686,MOTHER,false,false
7458,2856,FATHER,true,false
7458,2857,MOTHER,false,false
7459,3538,MOTHER,false,false
7462,2714,FATHER,true,false
7462,2715,MOTHER,false,false
7463,2744,FATHER,true,false
7463,2745,MOTHER,false,false
7464,3590,FATHER,true,false
7464,3591,MOTHER,false,false
7465,3592,FATHER,true,false
7465,3593,MOTHER,false,false
7466,2900,FATHER,true,false
7467,3078,FATHER,true,false
7467,3079,MOTHER,false,false
7468,3078,FATHER,true,false
7468,3079,MOTHER,false,false
7469,2687,FATHER,true,false
7469,2688,MOTHER,false,false
7508,3836,FATHER,true,false
7509,3405,MOTHER,false,false
7522,2787,FATHER,true,false
7522,2788,MOTHER,false,false
7524,3311,FATHER,true,false
7524,3312,MOTHER,false,false
7527,2746,FATHER,true,false
7527,2747,MOTHER,false,false
7529,3835,FATHER,true,false
7530,3574,FATHER,true,false
7530,3575,MOTHER,false,false
7531,2716,FATHER,true,false
7531,2717,MOTHER,false,false
7534,2826,FATHER,true,false
7535,3009,FATHER,true,false
7535,3010,MOTHER,false,false
7539,3124,FATHER,true,false
7539,3125,MOTHER,false,false
7540,3124,FATHER,true,false
7540,3125,MOTHER,false,false
7541,3578,FATHER,true,false
7541,3579,MOTHER,false,false
7542,3834,FATHER,true,false
7543,2647,FATHER,true,false
7543,2648,MOTHER,false,false
7547,3751,FATHER,true,false
7548,2858,FATHER,true,false
7548,2859,MOTHER,false,false
7551,3738,FATHER,true,false
7551,3739,MOTHER,false,false
7552,3738,FATHER,true,false
7552,3739,MOTHER,false,false
7553,3738,FATHER,true,false
7553,3739,MOTHER,false,false
7555,3424,FATHER,true,false
7555,3425,MOTHER,false,false
7556,3080,FATHER,true,false
7556,3081,MOTHER,false,false
7561,2718,FATHER,true,false
7561,2719,MOTHER,false,false
7562,3741,MOTHER,false,false
7562,3776,FATHER,true,false
7563,3740,FATHER,true,false
7563,3741,MOTHER,false,false
7564,3035,FATHER,true,false
7564,3036,MOTHER,false,false
7566,3035,FATHER,true,false
7566,3036,MOTHER,false,false
7568,2945,FATHER,true,false
7568,2946,MOTHER,false,false
7570,3482,FATHER,true,false
7570,3483,MOTHER,false,false
7571,3643,FATHER,true,false
7571,3644,MOTHER,false,false
7572,2649,MOTHER,false,false
7573,3172,FATHER,true,false
7573,3173,MOTHER,false,false
7574,3288,FATHER,true,false
7574,3289,MOTHER,false,false
7575,3059,FATHER,true,false
7575,3060,MOTHER,false,false
7576,3059,FATHER,true,false
7576,3060,MOTHER,false,false
7578,2887,FATHER,true,false
7578,2888,MOTHER,false,false
7579,3484,FATHER,true,false
7579,3485,MOTHER,false,false
7581,3594,FATHER,true,false
7581,3595,MOTHER,false,false
7582,3625,FATHER,true,false
7582,3626,MOTHER,false,false
7583,3580,FATHER,true,false
7583,3581,MOTHER,false,false
7584,3580,FATHER,true,false
7584,3581,MOTHER,false,false
7585,2947,FATHER,true,false
7585,2948,MOTHER,false,false
7586,2947,FATHER,true,false
7586,2948,MOTHER,false,false
7587,3406,MOTHER,false,false
7588,3486,FATHER,true,false
7588,3487,MOTHER,false,false
7589,3126,FATHER,true,false
7589,3127,MOTHER,false,false
7590,3126,FATHER,true,false
7590,3127,MOTHER,false,false
7591,3645,FATHER,true,false
7591,3646,MOTHER,false,false
7592,2949,FATHER,true,false
7593,2761,FATHER,true,false
7593,2762,MOTHER,false,false
7594,3228,FATHER,true,false
7594,3229,MOTHER,false,false
7595,3647,FATHER,true,false
7595,3648,MOTHER,false,false
7596,3729,FATHER,true,false
7596,3730,MOTHER,false,false
7597,2789,FATHER,true,false
7597,2790,MOTHER,false,false
7598,2659,FATHER,true,false
7598,2660,MOTHER,false,false
7600,3735,MOTHER,false,false
7601,3407,FATHER,true,false
7602,3200,FATHER,true,false
7602,3201,MOTHER,false,false
7603,3200,FATHER,true,false
7603,3201,MOTHER,false,false
7604,3649,MOTHER,false,false
7605,3488,FATHER,true,false
7605,3489,MOTHER,false,false
7606,3702,MOTHER,false,false
7608,3702,MOTHER,false,false
7615,3703,FATHER,true,false
7615,3704,MOTHER,false,false
7616,3705,FATHER,true,false
7616,3706,MOTHER,false,false
7617,2748,MOTHER,false,false
7618,2791,FATHER,true,false
7618,2792,MOTHER,false,false
7619,2791,FATHER,true,false
7619,2792,MOTHER,false,false
7620,3707,FATHER,true,false
7620,3708,MOTHER,false,false
7621,2795,FATHER,true,false
7622,3613,FATHER,true,false
7622,3614,MOTHER,false,false
7623,2996,FATHER,true,false
7623,2997,MOTHER,false,false
7624,2996,FATHER,true,false
7624,2997,MOTHER,false,false
7625,2996,FATHER,true,false
7625,2997,MOTHER,false,false
7626,3717,FATHER,true,false
7626,3718,MOTHER,false,false
7631,3709,FATHER,true,false
7632,3650,MOTHER,false,false
7635,3490,MOTHER,false,false
7637,2720,FATHER,true,false
7637,2721,MOTHER,false,false
7638,3061,FATHER,true,false
7638,3062,MOTHER,false,false
7639,3061,FATHER,true,false
7639,3062,MOTHER,false,false
7640,2650,FATHER,true,false
7641,3736,FATHER,true,false
7641,3737,MOTHER,false,false
7642,3627,FATHER,true,false
7643,2862,FATHER,true,false
7643,2863,MOTHER,false,false
7644,2901,FATHER,true,false
7644,2902,MOTHER,false,false
7645,3731,FATHER,true,false
7645,3732,MOTHER,false,false
7646,3731,FATHER,true,false
7646,3732,MOTHER,false,false
7648,3367,FATHER,true,false
7648,3368,MOTHER,false,false
7650,2689,FATHER,true,false
7650,3313,MOTHER,false,false
7651,2689,FATHER,true,false
7651,2690,MOTHER,false,false
7652,2689,FATHER,true,false
7652,2690,MOTHER,false,false
7653,2722,FATHER,true,false
7653,2723,MOTHER,false,false
7654,2651,FATHER,true,false
7654,2652,MOTHER,false,false
7655,2651,FATHER,true,false
7655,2652,MOTHER,false,false
7656,3491,FATHER,true,false
7656,3492,MOTHER,false,false
7657,3491,FATHER,true,false
7657,3492,MOTHER,false,false
7658,2965,FATHER,true,false
7659,2965,FATHER,true,false
7660,2653,FATHER,true,false
7660,2654,MOTHER,false,false
7662,3128,FATHER,true,false
7662,3129,MOTHER,false,false
7663,3128,FATHER,true,false
7663,3129,MOTHER,false,false
7664,3493,FATHER,true,false
7664,3494,MOTHER,false,false
7666,2655,FATHER,true,false
7666,2656,MOTHER,false,false
7667,2930,FATHER,true,false
7667,2931,MOTHER,false,false
7668,3037,FATHER,true,false
7668,3038,MOTHER,false,false
7669,2724,FATHER,true,false
7669,2725,MOTHER,false,false
7670,2749,FATHER,true,false
7670,2750,MOTHER,false,false
7671,2729,FATHER,true,false
7671,2730,MOTHER,false,false
7672,3099,FATHER,true,false
7672,3100,MOTHER,false,false
7673,2657,FATHER,true,false
7673,2658,MOTHER,false,false
7674,3179,FATHER,true,false
7674,3180,MOTHER,false,false
7675,3179,FATHER,true,false
7675,3180,MOTHER,false,false
7676,2751,FATHER,true,false
7676,2752,MOTHER,false,false
7677,2751,FATHER,true,false
7677,2752,MOTHER,false,false
7679,3314,FATHER,true,false
7679,3315,MOTHER,false,false
7680,3314,FATHER,true,false
7680,3315,MOTHER,false,false
7681,3442,FATHER,true,false
7681,3443,MOTHER,false,false
7682,2793,FATHER,true,false
7682,2794,MOTHER,false,false
7683,3023,FATHER,true,false
7683,3024,MOTHER,false,false
7684,3023,FATHER,true,false
7684,3024,MOTHER,false,false
7685,3023,FATHER,true,false
7685,3024,MOTHER,false,false
7686,2669,FATHER,true,false
7689,3733,FATHER,true,false
7690,3628,FATHER,true,false
7690,3629,MOTHER,false,false
7691,2726,FATHER,true,false
7691,2727,MOTHER,false,false
7692,2860,FATHER,true,false
7692,2861,MOTHER,false,false
7693,2860,FATHER,true,false
7693,2861,MOTHER,false,false
7694,2860,FATHER,true,false
7694,2861,MOTHER,false,false
7695,2741,FATHER,true,false
7695,2742,MOTHER,false,false
7696,2830,FATHER,true,false
7696,2831,MOTHER,false,false
7697,2830,FATHER,true,false
7697,2831,MOTHER,false,false
7698,2661,FATHER,true,false
7698,2662,MOTHER,false,false
7699,2661,FATHER,true,false
7699,2662,MOTHER,false,false
7701,3710,MOTHER,false,false
7702,3582,FATHER,true,false
7702,3583,MOTHER,false,false
7703,3615,FATHER,true,false
7703,3616,MOTHER,false,false
7705,2663,FATHER,true,false
7705,2664,MOTHER,false,false
7706,2998,FATHER,true,false
7706,2999,MOTHER,false,false
7707,2998,FATHER,true,false
7707,2999,MOTHER,false,false
7708,2998,FATHER,true,false
7708,2999,MOTHER,false,false
7709,3758,FATHER,true,false
7709,3759,MOTHER,false,false
7710,3758,FATHER,true,false
7710,3759,MOTHER,false,false
7711,3752,FATHER,true,false
7711,3753,MOTHER,false,false
7712,3742,FATHER,true,false
7712,3743,MOTHER,false,false
7713,3742,FATHER,true,false
7713,3743,MOTHER,false,false
7714,3130,FATHER,true,false
7716,2665,FATHER,true,false
7716,2666,MOTHER,false,false
7717,3181,FATHER,true,false
7717,3182,MOTHER,false,false
7718,3377,FATHER,true,false
7718,3378,MOTHER,false,false
7719,2691,FATHER,true,false
7719,2692,MOTHER,false,false
7722,2980,MOTHER,false,false
7723,2980,MOTHER,false,false
7724,3202,FATHER,true,false
7724,3617,MOTHER,false,false
7725,3202,FATHER,true,false
7725,3203,MOTHER,false,false
7726,3495,FATHER,true,false
7726,3496,MOTHER,false,false
7727,3290,FATHER,true,false
7727,3291,MOTHER,false,false
7728,3290,FATHER,true,false
7728,3291,MOTHER,false,false
7729,2728,MOTHER,false,false
7730,3719,FATHER,true,false
7730,3720,MOTHER,false,false
7731,2667,FATHER,true,false
7731,2668,MOTHER,false,false
7732,2693,FATHER,true,false
7732,2694,MOTHER,false,false
7733,2695,FATHER,true,false
7733,2696,MOTHER,false,false
7734,2696,MOTHER,false,false
7735,3204,FATHER,true,false
7735,3205,MOTHER,false,false
7736,3204,FATHER,true,false
7736,3205,MOTHER,false,false
7738,3711,FATHER,true,false
7738,3712,MOTHER,false,false
7739,3711,FATHER,true,false
7739,3712,MOTHER,false,false
7740,3497,MOTHER,false,false
7741,3339,FATHER,true,false
7744,3721,FATHER,true,false
7744,3722,MOTHER,false,false
7745,3746,FATHER,true,false
7745,3747,MOTHER,false,false
7748,3723,MOTHER,false,false
7749,2795,FATHER,true,false
7749,2796,MOTHER,false,false
7750,2795,FATHER,true,false
7750,2796,MOTHER,false,false
7751,2864,FATHER,true,false
7751,2865,MOTHER,false,false
7752,3618,FATHER,true,false
7752,3619,MOTHER,false,false
7753,3713,FATHER,true,false
7753,3714,MOTHER,false,false
7755,3154,FATHER,true,false
7755,3155,MOTHER,false,false
7756,3744,FATHER,true,false
7756,3745,MOTHER,false,false
7760,3651,FATHER,true,false
7760,3652,MOTHER,false,false
7761,3498,FATHER,true,false
7761,3499,MOTHER,false,false
7762,3120,FATHER,true,false
7762,3121,MOTHER,false,false
7763,3120,FATHER,true,false
7763,3121,MOTHER,false,false
7764,3715,FATHER,true,false
7764,3716,MOTHER,false,false
7765,3715,MOTHER,false,false
7765,3716,FATHER,true,false
7768,2731,FATHER,true,false
7768,2732,MOTHER,false,false
7769,2731,FATHER,true,false
7769,2732,MOTHER,false,false
7774,3630,FATHER,true,false
7774,3631,MOTHER,false,false
7775,3653,FATHER,true,false
7775,3654,MOTHER,false,false
7777,3655,FATHER,true,false
7777,3656,MOTHER,false,false
7778,2753,FATHER,true,false
7778,2754,MOTHER,false,false
7779,3632,FATHER,true,false
7779,3633,MOTHER,false,false
7780,3632,FATHER,true,false
7780,3633,MOTHER,false,false
7782,2755,FATHER,true,false
7782,2756,MOTHER,false,false
7783,2670,FATHER,true,false
7783,2671,MOTHER,false,false
7784,2733,MOTHER,false,false
7784,3829,FATHER,true,false
7785,2697,FATHER,true,false
7785,2698,MOTHER,false,false
7787,2757,FATHER,true,false
7787,2758,MOTHER,false,false
7789,3292,FATHER,true,false
7789,3293,MOTHER,false,false
7790,3724,FATHER,true,false
7790,3725,MOTHER,false,false
7791,3734,FATHER,true,false
7796,3827,FATHER,true,false
7797,3230,FATHER,true,false
7797,3231,MOTHER,false,false
7800,3039,FATHER,true,false
7801,3596,FATHER,true,false
7801,3597,MOTHER,false,false
7802,2950,FATHER,true,false
7802,2951,MOTHER,false,false
7803,2950,FATHER,true,false
7803,2951,MOTHER,false,false
7804,2950,FATHER,true,false
7804,2951,MOTHER,false,false
7807,3500,FATHER,true,false
7807,3501,MOTHER,false,false
7808,2866,FATHER,true,false
7808,2867,MOTHER,false,false
7809,2866,FATHER,true,false
7809,2867,MOTHER,false,false
7811,3131,FATHER,true,false
7812,3294,FATHER,true,false
7812,3295,MOTHER,false,false
7813,3267,FATHER,true,false
7813,3268,MOTHER,false,false
7815,3011,FATHER,true,false
7815,3012,MOTHER,false,false
7816,3657,FATHER,true,false
7816,3658,MOTHER,false,false
7817,3539,FATHER,true,false
7817,3540,MOTHER,false,false
7818,3826,FATHER,true,false
7822,2827,MOTHER,false,false
7822,3825,FATHER,true,false
7823,2827,MOTHER,false,false
7823,3824,FATHER,true,false
7826,3823,FATHER,true,false
7827,3726,FATHER,true,false
7828,3726,FATHER,true,false
7829,2699,FATHER,true,false
7829,2700,MOTHER,false,false
7830,2699,FATHER,true,false
7830,2700,MOTHER,false,false
7831,3822,FATHER,true,false
7832,3821,FATHER,true,false
7833,3820,FATHER,true,false
7834,3727,FATHER,true,false
7834,3728,MOTHER,false,false
7835,3819,FATHER,true,false
7837,3818,FATHER,true,false
7838,3817,FATHER,true,false
7839,3816,FATHER,true,false
7842,3815,FATHER,true,false
7844,3814,FATHER,true,false
7845,3813,FATHER,true,false
7846,3812,FATHER,true,false
7848,3811,FATHER,true,false
7849,3809,FATHER,true,false
7850,3810,FATHER,true,false
7856,3808,FATHER,true,false
7857,3807,FATHER,true,false
7858,3806,FATHER,true,false
7859,3805,FATHER,true,false
7861,3804,FATHER,true,false
7862,3803,FATHER,true,false
7865,3799,FATHER,true,false
7866,3800,FATHER,true,false
7867,3801,FATHER,true,false
7868,3795,FATHER,true,false
7869,3796,FATHER,true,false
7870,3797,FATHER,true,false
7871,3779,FATHER,true,false
7872,3802,FATHER,true,false
7873,3787,FATHER,true,false
7874,3798,FATHER,true,false
7875,3794,FATHER,true,false
7880,3791,FATHER,true,false
7881,3790,FATHER,true,false
7882,3789,FATHER,true,false
7883,3788,FATHER,true,false
7886,3793,FATHER,true,false
7888,3786,FATHER,true,false
7889,3785,FATHER,true,false
7890,3792,FATHER,true,false
7892,3784,FATHER,true,false
7893,3783,FATHER,true,false
7894,3782,FATHER,true,false
7895,3781,FATHER,true,false
7896,3780,FATHER,true,false